<?xml version="1.0" encoding="UTF-8" standalone="yes"?>
<addon id="plugin.program.icecubeapi" name="[COLOR=lime]IceCube API Channel Changer[/COLOR]" version="1.0.0" provider-name="The IceMan">
  <requires>
    <import addon="xbmc.python" version="2.1.0"/>
  </requires>
  <extension point="xbmc.python.pluginsource" library="default.py">
        <provides>program executable</provides>
  </extension>
  <extension point="xbmc.addon.metadata">
    <summary lang="en">Changes Your API in Youtube add-on to fix quota limit issue</summary>
    <description lang="en">Change your API in Youtube fast add-on and easily to an IceCube custom API to stop the Quota limit exceeded issue</description>
    <platform>all</platform>
  </extension>
</addon>
