<?xml version="1.0" encoding="UTF-8" standalone="yes"?>
<addon id="plugin.video.knockout" name="Knock Out" version="0.0.1" provider-name="Gracie242">
	<requires>
		<import addon="xbmc.python" version="2.19.0" />
		<import addon="script.module.nanscrapers" version="0.5.5" />
        <import addon="script.module.python.koding.aio" version="0.0.1"/>
	</requires>
	<extension point="xbmc.python.pluginsource" library="default.py">
		<provides>video</provides>
	</extension>
	<extension point="xbmc.addon.metadata">
		<summary lang="en">A compile of every boxing match since early 1900's</summary>
		<description lang="en">A boxing fans dream</description>
		<platform>all</platform>
		<news></news>
		<genre>sports,usa</genre>
		<video_guide></video_guide>
		<video_preview></video_preview>
	</extension>
</addon>
