<?xml version="1.0" encoding="UTF-8" standalone="yes"?>
<addon id="plugin.video.Back_In_Time"
       name="Back In Time"
       version="1.2"
       provider-name="BAMF">
  <requires>
    <import addon="xbmc.python" version="2.1.0"/>
	<import addon="script.module.t0mm0.common" version="2.0.0"/>
    <import addon="script.module.beautifulsoup" version="3.2.1"/>
    <import addon="script.module.simple.downloader" version="0.9.4"/>
    <import addon="script.module.beautifulsoup4" />
    <import addon="script.module.simple.downloader" version="0.9.4"/>
    <import addon="script.module.requests" />
    <import addon="script.module.httplib2" />
    <import addon="script.module.youtube.dl" optional="true"/>
    <import addon="plugin.video.youtube" version="3.0.0"/>
    <import addon="script.module.urlresolver" optional="true"/>
    <import addon="script.module.simplejson" /> 
    <import addon="script.common.plugin.cache" version="2.5.2"/>
    <import addon="script.module.metahandler" version="2.5.1"/>

  </requires>
  <extension point="xbmc.python.pluginsource" library="default.py">
    <provides>video</provides>
  </extension>
  <extension point="xbmc.addon.metadata">
    <summary lang="en">Classics From BAMF</summary>
    <description lang="en">General disclaimer: bamf takes no responsibility for the content or reliability of the feeds. OblivionTV [B]Does Not[/B] host any of the feeds or Streams.  Most of the Code from this addon was taken from many other addons but used under the GNU GENERAL PUBLIC LICENSE Version 2, June 1991.</description>
    <platform>all</platform>
  </extension>
</addon>
