<?xml version="1.0" encoding="UTF-8" standalone="yes"?>
<addon id="plugin.video.toonsrus_gw" name="Toons-R-Us" version="1.0.1" provider-name="Dandymedia">
  <requires>
    <import addon="xbmc.python" version="2.1.0"/>
	<import addon="script.module.addon.common" />
    <import addon="script.module.requests" />
  </requires>
  <extension point="xbmc.python.pluginsource" library="default.py">
		<provides>video</provides>
  </extension>
  <extension point="xbmc.addon.metadata">
	<summary lang="en">Cartoons Galore</summary>
	<description lang="en">Cartoons Movies and Series....Enjoy[CR][CR]Please note the source for this addon is HTTPS add will require suitable version of Kodi or compatible device.[CR][CR][B][COLOR red]A Special thanks to ARB for his input with all the artwork.[/COLOR][/B]</description>
	<disclaimer lang="en">The author does not host or distribute any of the content displayed by this addon or have any affiliation with the website owners.</disclaimer>
	<platform>all</platform>
  </extension>
</addon>
