<?xml version="1.0" encoding="UTF-8" standalone="yes"?>
<addon id="plugin.video.mrrevjohn"
	name="WSCC"
	version="1.0.0"
	provider-name="mrrevjohn">
  <requires>
    <import addon="xbmc.python" version="2.1.0"/>
    <import addon="script.module.addon.common" version="2.0.0"/>
    <import addon="plugin.video.youtube" version="5.0.0"/>
  </requires>
  <extension point="xbmc.python.pluginsource" library="default.py">
    <provides>video</provides>
  </extension>
  <extension point="xbmc.addon.metadata">
    <summary lang="en">WSCC Videos</summary>
    <description lang="en">Youtube videos from Warton Stock Car Club over the years. Credits go to the original posters.</description>
    <platform>all</platform>
    <forum>n/a</forum>
    <website>http://www.johnmarlow.net</website>
	<email>john@johnmarlow.co.uk</email>
  </extension>
</addon>
