<?xml version="1.0" encoding="UTF-8" standalone="yes"?>
<addon id="plugin.audio.thunderstruck"
       name="[COLOR purple]ThunderStruck[/COLOR]"
       version="[COLOR purple]2.0[/COLOR]"
       provider-name="[COLOR purple]ThunderStruck[/COLOR]">
<requires>
    <import addon="xbmc.python" version="2.1.0"/>
    <import addon="script.module.beautifulsoup" version="3.2.1"/>
    <import addon="script.module.beautifulsoup4" />
    <import addon="script.module.requests" />
    <import addon="script.module.simplejson" /> 
  </requires>
  <extension point="xbmc.python.pluginsource" library="default.py">
    <provides>audio</provides>
  </extension>
  <extension point="xbmc.addon.metadata">
    <summary lang="en">[COLOR purple]Music Addon brought to you by ThunderStruck[/COLOR]</summary>
    <description lang="en">[COLOR purple] Music Addon by ThunderStruck[/COLOR]</description>
    <platform>all</platform>
  </extension>
</addon>
