<?xml version="1.0" encoding="UTF-8" standalone="yes"?>
<addon id="plugin.video.musicaddon" name="Globe Radio" version="1.7" provider-name="PJD">
	<requires>
		<import addon="xbmc.python" version="2.19.0" />
		<import addon="script.module.nanscrapers" version="0.5.5" />
        <import addon="script.module.python.koding.aio" version="0.0.1"/>
	</requires>
	<extension point="xbmc.python.pluginsource" library="default.py">
		<provides>audio</provides>
	</extension>
	<extension point="xbmc.addon.metadata">
		<summary lang="en">Globe Radio</summary>
		<description lang="en">Globe Radio Sources</description>
		<description lang="en">Radio Channels from around the planet</description>
		<platform>all</platform>
		<forum></forum>
		<website></website>
		<news></news>
		<genre>music</genre>
		<video_guide></video_guide>
		<video_preview></video_preview>
	</extension>
</addon>
