<?xml version="1.0" encoding="UTF-8" standalone="yes"?>
<addon id="plugin.program.spanner" version="1.0.4" name="Spanner" provider-name="Twilight0">
	<requires>
		<import addon="xbmc.python" version="2.24.0"/>
	</requires>
    <extension point="xbmc.python.pluginsource" library="default.py">
        <provides>executable</provides>
    </extension>
    <extension point="xbmc.addon.metadata">
        <summary lang="en">Spanner maintenance addon</summary>
        <description lang="en">Spanner is an addon mainly used to perform manual maintenance tasks. Provides various system info as well and performs speed tests. It is also capable of making and restoring backups.</description>
        <disclaimer lang="en">Spanner is program addon based entirely on Indigo addon source by TVADDONS.co. Basically addon installer, the wizard and various unwanted functions have been stripped. Thanks to blazetammer and other users for providing such a brilliant work.</disclaimer>
        <language>en</language>
        <platform>all</platform>
        <!--<forum></forum>-->
        <website>https://twitter.com/TwilightZer0</website>
        <source>https://bitbucket.org/thgiliwt/plugin.program.spanner</source>
        <news>
[B]1.0.4[/B]
- Improved detection once again in Android systems
- Added source code in addon.xml

[B]1.0.3[/B]
- Further improvements in space detection for Android systems

[B]1.0.2[/B]
- Changed from explicit directory parameter to dirname in get_free_space_mb method

[B]1.0.1[/B]
- Correctly entered provider name
- Fixed system info function for Android systems

[B]1.0.0[/B]
- Initial Release
- Added support on log viewer for nodi, ftmc, firemc
        </news>
        <assets>
            <icon>icon.png</icon>
            <fanart>fanart.jpg</fanart>
        </assets>
    </extension>
</addon>
