<?xml version="1.0" encoding="UTF-8" standalone="yes"?>
<addon id="plugin.video.goliathskaraoke" name="[COLOR gold][B]Goliaths Karaoke[/B][/COLOR]" version="1.0.0" provider-name="Goliath">
  <requires>
    <import addon="xbmc.python" version="2.1.0"/>
    <import addon="script.module.t0mm0.common" version="0.0.1"/>
    <import addon="plugin.video.youtube" version="0.0.1"/>
  </requires>
  <extension point="xbmc.python.pluginsource" library="default.py">
        <provides>video audio</provides>
  </extension>
  <extension point="xbmc.addon.metadata">
    <summary lang="en">Play Karaoke Videos, formerly known as Mikey Karaoke</summary>
    <description lang="en">Search Karaoke Songs.....</description>
    <platform>all</platform>
  </extension>
</addon>
