<addon id="plugin.video.ugottoc" name="[COLOR cyan]UGOTTOC[/COLOR]" provider-name="apep" version="2.0.10">
    <requires>
        <import addon="xbmc.python" version="2.1.0"/>
        <import addon="script.module.dudehere.routines"/>
		<import addon="script.module.urlresolver"/>
    </requires>
    <extension library="default.py" point="xbmc.python.pluginsource">
        <provides>video</provides>
    </extension>
    <extension point="xbmc.addon.metadata">
        <platform>all</platform>
		<summary lang="en">Thank You For Installing UGOTTOOC, Remember This Addon Scrapes Nothing Is Hosted, With That Said This Will Be A Fun Journey So Join Us As We Make This Your New Loved Addon</summary>
		<description lang="en">[COLOR cyan][B]Welcome To UGOTTOC[/B][/COLOR] [CR]Watch movies and TV shows in high quality! [CR]Please note that this addon is not an official part of the Kodi media player</description>
		<disclaimer lang="en">[COLOR yellow]The author does not host any content, nor is he affiliated with any of the content providers.[/COLOR]</disclaimer>
		<platform>all</platform>
		<forum></forum>
		<website></website>
		<source></source>
		<news>UGOTTOC, Is A Fork Of A Loved Addon</news>
    </extension>
</addon>