<?xml version="1.0" encoding="UTF-8" standalone="yes"?>
<addon id="plugin.video.redmusic"
	name="redmusic"
	version="1.0.2"
	provider-name="OneLoveCunt">
  <requires>
    <import addon="xbmc.python" version="2.14.0"/>
    <import addon="script.module.addon.common" version="2.0.0"/>
    <import addon="plugin.video.youtube" version="5.0.0"/>
  </requires>
  <extension point="xbmc.python.pluginsource" library="default.py">
    <provides>video</provides>
  </extension>
  <extension point="xbmc.addon.metadata">
    <summary lang="en">RedMusic: HotMusicCharts</summary>
    <description lang="en">Music Hits 2017 - Best Songs Playlist</description>
    <platform>all</platform>
    <license>GPL v2.0</license>
    <assets>
        <icon>icon.png</icon>
        <fanart>fanart.jpg</fanart>
        </assets>
    <news>Updated with new artwork resources</news>
  </extension>
</addon>