<?xml version="1.0" encoding="UTF-8" standalone="yes"?>
<addon id="plugin.video.kod1youtube"
	name="Kod1 YouTube Videos"
	version="0.0.1"
	provider-name="Kod1">
  <requires>
    <import addon="xbmc.python" version="2.1.0"/>
    <import addon="script.module.addon.common" version="2.0.0"/>
    <import addon="plugin.video.youtube" version="5.0.0"/>
  </requires>
  <extension point="xbmc.python.pluginsource" library="default.py">
    <provides>video</provides>
  </extension>
  <extension point="xbmc.addon.metadata">
    <summary lang="en">Kod1 YouTube Videos</summary>
    <description lang="en">JAYNE and DENIS MEDIA SUPPORT
</description>
    <platform>all</platform>
    <forum>n/a</forum>
    <website>https://kod1help.com</website>
  </extension>
</addon>
