<?xml version="1.0" encoding="UTF-8" standalone="yes"?>
<addon id="script.gurzil.metadata" version="2.0.0" name="Gurzil Metadata" provider-name="apep">
	<requires>
		<import addon="xbmc.python" version="2.19.0"/>
	</requires>
	<extension point="xbmc.python.module" library="lib" />
	<extension point="xbmc.addon.metadata">
		<summary>Metadata for the Gurzil Addon</summary>
		<description>Metadata for Gurzil are maintained separately to make distribution of the the addon itself easier/faster.</description>
		<platform>all</platform>
	</extension>
</addon>
